Option_ID,Benefit,Cost,WackyColumn
A01,427,9.604278204,450
A02,67,8.772842924,90
A03,258,2.213199146,281
B01,932,7.758875731,955
B02,226,7.355709621,249
A01_B01,142,4.912343813,165
A01_B02,97,0.058366895,120
A02_B01,988,4.636020593,1011
A02_B02,187,5.620907362,210
A03_B01,723,3.887488798,746
A03_B02,842,2.333689771,865
